Municipality,DEWA ,KHDA,Police,DESC,Dubai Land,MBRHE (Housing),GDRFAD (Residency),DCD,CDA,RTA,DHA
Application for Soil Treatment,Bill Payment,Parent - School Contract,Criminal Status of Financial Cases,Trust Services,Al Ansari Exchange Branch Location,Apply for Housing Replacement Grant,Visa extension,Supply Installation Certificate,Periodic Benefits,Use nol Cards,Headache Clinic
Application for Verification and Attestation,Activation of Electricity/Water (Move-in),Parent - Early Childhood Centre Contract,eCrime,Cyber Security Polices & Regulations,Licensed real estate developers,Apply for Housing Maintenance and Addition Grant,Visa Cancelation,Safety Certificate (Building/ Unit Owner),Preparing House,Top Up nol Cards,Neonatology services
Apply for "To Whom it May Concern" Certificate related to building issues,Attending Technical Notifications – Electricity/Water (Smart Response),Education Providers Services,Tourist Police,Training & Support for ISR Implementation,Accredited real estate evaluation companies,Apply for housing land,Issuance of a work visa,Completion Certificate (Owner),Temporary Housing,Refund nol Cards Balance,Pediatric Endocrinology services
Apply for Approval for Interior Design of a Building in the Historical Areas,Track Requests with login,School Certificate Attestation,Report Bounced Cheques - Banks,Security Systems Consultation,Awards,Apply for housing grant,Issuance of a visit visa,Dry Riser Inspection,Financial Benefits for POD,Manage nol Cards,General pediatrics services
Apply for Approval of Public and Private Swimming Pool Drawings,DEWA Service Guide,Employee Services,Diplomatic Service,Cyber Security Awareness & Education,Approved financial (accounts) auditors,Apply for Housing construction grant,Issuance of a Residency visa,Safety Certificate (Free Zone Companies),Family Consultation,Purchase Travel Pass,Wellness Service
Apply for Building Technical Study,Customer Happiness Charter,Inspectors Services,Police Report Inquiry,Incidence Response,Approved escrow account trustees,Apply for apartment grant,Issuance of green visa,Building Renew,Embrace Program,Renew Travel Pass,Genitourinary Medicine Clinic
Apply for Bulk Waste Collection,Activation of Electricity/Water (Move-in),e-Feedback System,File Criminal Complaint,Penetration Testing,Accredited surveying companies,Apply for a housing construction request on a relative’s land,Temporary Work Permit,Preventive Inspection Service for Licensing,Human Rights Complaint,Purchase nol Card,Anasthsiology services
Apply for Calibration of Instruments and Equipment,Deactivation of Electricity/Water (Move-out),Educators Permit System,Bounce Cheque Report,Certificate Issuance Services,DLD Document Vault,Selling a ready-made house owned by the Establishment,Sponsorship File (individual),Final Completion Certificate,Thukhor Card,Apply for a Personal nol Card,Out Patient-Thalassemia and major Haemoglo...
Apply for Chalet Rental in Al Mamzar Park,Transfer of Electricity/Water (Move-to),,Victim Support,Network Security Gauge,Download Ejari Certificate,Apply for Housing Replacement Loan,Golden Residency,Request for Annual Maintenance Contracts Approval,Home Care Request-Waleef,Apply for Renewing or Replacing Personal nol Card,Day Care -Thalassemia and major Hemoglobin...
Apply for Changing a Consultant Before building permit Issuance,Getting Electricity Supply for Tents,,HQ Entry Permit,,E-executive deed,Apply for Housing Maintenance and Addition Loan,Status Adjustment,Request for subscription in the comprehensive safety program.,Care Giver Rehabilitation,e-Wallet Usage,Radiology
Apply for Completion and Services Connection,Attending Technical Notifications – Electricity/Water (Smart Response),,Night Work Permit,,Inquiry about your real estate services,Apply for readymade housing loan,Residency Visa,Request for licensing fire equipments distributor,Elderly Thukhor Club Registration,Apply for e-Wallet Account,Podiatry services
Apply for Conformity Certificate as per Factory Assessment,Smart Living,,Road Close Permit,,Joint Ownership Properties Management Companies,Apply for construction loan,Renewal of Residency Visa,Request for licensing fire equipments agent,Elderly Consultation,Top Up the e-Wallet Account,Immunology and Allergy
Apply for Conformity Certificate of a Specific Batch of Product,Consumption Verification - Electricity/Water,,Detainee Visit Request,,Judicial Judgments,Apply for housing unit loan from local market,Data Amendment of Residency Visa,Request for Houses of Expertise Approval,Intergenerational Communication,Manage the e-Wallet Account,Clinical Dietitian
Apply for Consumer Products Import and Re-Export Permit,Compare Multiple Accounts,,Corpse Entry Permit,,Judicial summons,Apply for housing unit rent,Cancellation of residency Visa,Request for Licensing Fire Equipments Installation & Maintenance Company,Temporary Rest Senior Citizen,Cancel the e-Wallet Account,Medical services for senior citizens
Apply for Consumer Products Registration (MONTAJI),My Sustainable Living Programme,,Police Museum Visit Permit,,Licensed real estate brokers,Apply for Exchange ready house with another ready house,(Companion) family members in residency Visa,Request for Fire Equipments Factory Licensing,New Sanad Card,Transport Using Dubai Tram,Pediatric hematology - oncology services
Apply for Correction of Existing Building Violations,High Water Usage Alert,,Inmate Visit Permit,,Licensed real estate brokerage companies,Apply for an Exchange housing land grant for another housing land grant,Transfer of residency Visa,Request for Houses of Expertise Approval,Renew Sanad Card,Transport Using the Metro,Medical oncology services
Apply for Engineering Staff Accreditation,Consumption Assessment Tool,,Fines Inquiry and Payment,,Real estate management companies,Change Service from Housing purchase Loan to Housing Construction Loan,Issuance of green Residency,Request for Licensing Fire Equipments Installation & Maintenance Company,Modify Sanad Card,Transport Using Buses Inside the Emirate,Clinical Hematology services
Apply for Establishing a New Control Point,View Bill,,Unknown Accident Report,,Names of ancient and modern regions,Cancel Approved Grant / Loan Application (under consideration),Issuance of Residency without work permission,Request for Fire Equipments Factory Licensing,Temporary Rest POD,Transport Using Buses Across Cities,Rheumatology services
Apply for Exceptions on Building Permits,EasyPay,,Reporting Vehicle Obstruction,,Inquiry about an application status,Cancel In Progress Application (Grant / Loan),Passport Renewal Service,Request for Technicians' Approval,Minors NOL,Transport Using Abra,Dental Implant Removal
Apply for Food Export / Food Export Health Certificate,Bill Payment,,Traffic Violations Copy,,Inquiry about a property status,To Whom It May Concern,Issuance of a Family Book Service,NOC for Hazard Material Transportation Vehicle Registration/Renewal,Request Payment,Transport Using Ferry Dubai,Interceptive orthodontic treatment
Apply for Free Sale Certificate for Consumer Products,My Bills,,Smart Impound,,Track Your Case,Request For One Year Maintenance,Circular about a sponsored person in the administrative list,Request for Licensing Gas Distribution Companies,,Transport Using Dubai WaterBus - AC Abra,Pre-Prosthetic Surgery
Apply for Geospatial Maps and Data,Bill Explanation,,Reissuing Accident Report,,Real Estate Consultation Offices,Apply for Typical Villa,Stop an circular in the administrative list,Request for HAZMAT Warehouse Approval,,Apply for Renting an Abra,Conservative periodontal treatment
Apply for Land Allocation for Public Services and Facilities,Connections Estimate Payment & Refund,,Traffic Training Courses,,Real Estate Services Trustee Centers,Payment of Arrears of Installments Due,Exit Permit Service,Request for the Approval of Dealing and Trading with HAZMAT & Chemical Materials,,Apply for Renting Dubai Water Taxi,Tooth Extractions
Apply for Land Levels verification certificate,Manage Collective Billing,,Change Vehicle Color,,Inquiry about a real estate project status,Apply For Early settlement,Temporary closure,Request for Balloons & Airship's Installation,,Apply for Renting Ferry Dubai,Teeth whitening
Apply for Livestock Slaughter,Manage Beneficiary Account List,,Traffic Fines Installment,,Real Estate Registrar Centers,Apply For Liability Letter,Fine collection,Request for Approving Flammable Liquid's Tanks,,Apply for Renting Dubai WaterBus,Oral inflammatory / Infection management
Apply for No Objection Permit for Health and Safety Related Activities,Tayseer (Smart Collection Platform),,Simple Accident Report,,Rental status sheet,Apply For Reducing the loan value,Issuance of statements,Request for re-exporting HAZMAT,,Pay Fines Related to Metro and Tram Passengers,surgical periodontal treatment
Apply for Permit for Play Area or Events,Tayseer (Smart Collection Platform),,Lost Item Certificate,,Inquiry about the rental index,Apply For Update Customer Data,Issuance of Establishment Card,Request for importing HAZMAT,,Pay Fines Related to Bus Riders,Tooth crowns for children
Apply for Public Health Pest Control,Request for Refund,,Police Clearance Certificate,,Inquiry about Services fees indicator,Self Financing Reward Awad,Renewal of Establishment Card,Request for Awareness Lectures,,Pay Fines Related to Marine Transport Passengers,Temporomandibular Joint managements
Apply for ROW Points Verification Certificate,Request for Clearance Certificate,,TWIMC Inmate Certificate,,Smart Judge,Apply For To Whom It May Concern Letter for projects with percentage of achievement,Ban,Request for Volunteers Services,,Transport Using Taxi Vehicles,Fixed prosthodontic appliances
Apply for Recreational Facilities Membership,Change/Update Premise Ownership,,Traffic Status Certificate,,Supplier Registration,Apply For Termination and suspension of current contractor,Issuance of representative's card,Request for Awareness Trips to Civil Defense Fire Stations,,Transport Using Luxury Vehicles,Dental Restorations
Apply for Recreational Fishing License (a Line and Hooks) from the coastline,Display Premise Number,,Traffic Clearance Certificate,,Verification of Certificate of Title / Title deed,Request a complaint against the contractor,Renewal of representative's card,Request for Awareness Demonstration on Fire Extinguishers Usage,,Information About Public Transport and Journey Planning,Teeth scaling and polishing
Apply for Register/Renewal/update of an Engineering Professional Practice Certificate,Request for Information Update,,TWIMC Certificate,,E-card Verification,Apply For Opening File for New Project,Data Amendment of representative's card,Request for "Salim the Fire Fighters" Shows,,Apply for Registering a New Vehicle,Surgical root canal treatment
Apply for Renewing a Construction License,Billing Services Inquiries,,Retirees Services,,Verification of the real estate licenses and permits,Apply For Running Payment,Cancelation of representative's card,Request for a Deleagte Card Issuance,,Apply for Renewing the Vehicle Ownership and Changing the Plate Number,Laser Treatment
Apply for Right Of Way Coordinates and Verification of Survey Points,Bill Payment Channels,,Home Security,,Verifying the Land Department evaluation certificate,Apply For Retention Payment,Cancelation of Establishment Card,To Whom It May Concern Letter,,Apply for Amending a Vehicle Ownership Data,Preventive dental service
Apply for Self-Decor Permit,Slab Tariff,,Public Tenders,,Verification of Taqeemi Certificate,Supplier and consultant Registration,Judicial Authorities Inquiry Service,Request for Electricity Reconnection,,Apply for a Statement of Registered Vehicles,Dental Implant services
Apply for Services Related to Death Cases,Tariff Calculator,,Ride With Dubai Mounted Police,,Fee Payment Receipt,,Legal Advice Service,Projects Drawings Approval,,Vehicle Online Selling Agreement,Removable prosthodontic appliances
Apply for Sewage Water Withdrawal,About VAT,,Virtual Museum,,Fee Refund Request,,Conciliation and Reconciliation Service,Hassantuk (Commercial) Building Registration,,Apply for a Vehicle Ownership Certificate,oral lesions Management
Apply for Structural Inspection,EV Green Charger Initiative,,Job Vacancies,,Registration of Owners Association Application,,Marine Ports Services,Evacuation Drill,,Apply for a Registration Certificate of the Vehicle First Owner,Dental Trauma management
Apply for Training at the Dubai Central Laboratory,EV Chargers Types & Instructions,,Medical Treatment Extension,,Search for Office Trade License,,"Issuing Visa via (Land port,Sea port,Air port)",To whomsoever it may concern - Inspection,,Apply for Replacing a Lost/Damaged Vehicle Possession Certificate,Pulpotomy of decideous tooth
Apply for Visiting Public Parks and Recreational Facilities,EV Charging,,Payment History,,Training,,,To whomsoever it may concern - New License/Renewal,,Apply for a To Whom It May Concern Certificate for Dubai Customs,Orthognathic treatment
Apply for a Consumer Product Advertising Permit,EV Account & Charging Card Management,,DP Leaders At Your Service,,Inquiry about a person whether it is a real estate owner,,,Request for a Compensation Report,,Apply for a Vehicle Non-Ownership Certificate,Dental Child Health
Apply for a Copy of the Approved Master Plan of Major Construction Projects,EV Services' Inquiries,,Suggestion,,RVS Complaints,,,Appointments,,Apply for an Insurance Refund Certificate,Pocket Reduction Procedures
Apply for a Fumigation Permit,Track EV Services' Request,,Feedback,,Real estate violations complaints,,,,,Apply for a Return from Tourism Certificate,Root canal therapy
Apply for a Hazardous Waste Transport Permit- HWTP,Display EV Green Charger Locations,,Child and Women Protection,,Inquiry about contractual disputes,,,,,Apply for Replacing a Lost/Damaged Vehicle Export Certificate,Comprehensive Orthodontic treatment
Apply for a New Building Permit,Dubai EV Community Hub,,Statistics Request,,Occupants registration application,,,,,Authenticate the Validity of the Vehicle Certificate,implant Prosthesis
Apply for a Night Works Permit in Under Construction Projects,Track Requests with login,,Event Security,,Approval of service fees and utilization fees application,,,,,Apply for Inspecting Classical Vehicles,The FETO-Maternal Medicine Services
Apply for a No Objection Certificate (NOC) for Well Drilling,DEWA Service Guide,,Fast Track,,Applying for approval to open a private bank account for the joint ownership property,,,,,Apply for Vehicle Technical Inspection,Emergency Services (Female)
Apply for a No Objection Certificate for Drainage and stormwater Networks,Services and Facilities for Senior Citizens & Residents,,File a Labor Complaint,,Registering real estate company application for practicing administrative supervision services of joint ownership properties,,,,,Apply for a Technical Vehicle Status Certificate,High risk pregnancy and morbidly adherent ...
Apply for a No Objection Certificate for Survey Works,Customer Happiness Charter,,People of Determination,,Registering employees having professional competence in the management of joint ownership properties application,,,,,Apply for Vehicle Renewal,Internal Medicine for Obstetric
Apply for a No Objection Certificate to Discharge Groundwater into Temporary Lagoons,Display Temporary Power Interruptions & Roads Works,,Heart Disease,,Applying for approval to change the bank account of the joint ownership property,,,,,Apply for Replacing a Lost/Damaged Vehicle Ownership Certificate,Gynecic Oncology service
Apply for a No Objection Certificate to Provide Pest Control Services,Follow These Steps During Rain and Extreme Weather Conditions,,Human Trafficking Victims,,Registration of Owners Association Application,,,,,Apply for a Possession Certificate of a Non-Registered Vehicle,General Obstetrics and Gynaecology
Apply for a No Objection Certificate to Visit Natural Reserves,Frequently Asked Questions & Tutorial Videos,,Application Status,,Applying for approval to change the bank Account Trustee of the joint ownership property,,,,,Apply for Vehicles Import Certificate,The Urogynecology service for female
Apply for a No Objection Certificate to Withdraw/Discharge Water from/to the Sea,Customer Care Centre Service,,Sport Facilities Request,,Request to register a sale associated with a initial mortgage,,,,,Apply for a Certificate for Non-Registered Vehicle,Gynecology and infertility service for wom...
Apply for a No Objection Certificate to Work in Cultivated Public Areas,Customer Happiness Centres (Self-Service),,Supplier Application,,Request for Bank Guarantee Cancellation,,,,,Apply for a Vehicle Clearance Certificate,Female Pelvic and Reconstructive Surgery s...
Apply for a No Objection Letter to Add New Meter or to Increase Electricity Current,Shams Dubai,,Destroy Explosives and Ammunition,,Depositing a mortgage into an escrow account application,,,,,Apply for a Vehicle Possession Certificate,The minimal access surgery service )Female...
Apply for a Painting and Maintenance permit,Shams Dubai Calculator,,Document Verification,,Request for registration a rent-to own property(initial),,,,,Apply for Changing a Vehicle Ownership,Dermatology Service
Apply for a Permit for Waste Management Activity (Collection/ Transport/ Trading),Connection Process,,Activities Request,,Request for registration of an initial usufruct,,,,,Apply for a Certificate of Change of Vehicle Possession,Internal Medicine services
"Apply for a Permit to Dispose of Hazardous and Commercial Waste, and Unwanted Materials",Safety Guide,,Renting Iron Barrier,,Approval / renewal of an Account Trustee and Auditing company Application,,,,,Apply for a Certificate of Vehicle Transfer from Dubai to Another Emirate,Adult critical care medicine services
Apply for a Permit to obtain Agricultural Soil,Shams Dubai: Customers & Residents,,Lecturer Request,,Request for Sub-division,,,,,Apply for a Certificate to Use the Vehicle Outside the UAE for Tourism Purposes,Surgical critical care services
Apply for a Pest Control Supervisor/Operator Card,Enrolled Solar PV Contractors & Consultants,,,,Request for real estate project Cancellation,,,,,Apply for a Vehicle Export Certificate,Doctor For Every Citizen
Apply for a Planning Permit,Publications & Resources,,,,Registration of real estate project application,,,,,Apply for a To Whom It May Concern Certificate of an Exported Vehicle,Otolaryngology (ENT) Clinic
Apply for a Sand Transfer Permit,Consumption Management Tips,,,,Settlements Application,,,,,Apply for Inspecting a Trailer and Semi-Trailer,Quit smoking Package
Apply for a Ship Sanitation Certificate,Sustainability Reports,,,,Request for Termination of Initial Registration,,,,,Apply for Ratifying and Adopting a Vehicle Inspection Certificate from Outside the UAE,Premarital Counselling Package
Apply for a Site Preparation and Excavation Permit,Events & Campaigns,,,,Transfer of registration fees from one property to another application,,,,,Apply for Appealing the Vehicle Technical Inspection Results,ANTENATAL CARE PACKAGE
Apply for a Site Survey Report,Green Pledge,,,,Application for Project profit withdrawal,,,,,Pay Vehicle Fines,Ophthalmology services(Adult/Pediatric)
Apply for a Smoking Area and Tobacco Selling Permit,Noor and Hayat Adventures,,,,Escrow account activation application,,,,,Pay Fines Related to Vehicle Pounding and Black Points,Optometry services
Apply for a Surveyor Certificate of Competency,Request for Temporary Power Disconnection,,,,"Amendment of the cap of administrative, marketing and Vat expenses application",,,,,Apply for Changing the Plate Number,Psychology services
Apply for a Technical Report Describing the Plot of Land with its Buildings/Facilities,Request Approval for Private Work (Individual/Business),,,,Request to amend the initial procedures data,,,,,Apply for Transferring the Plate Number Ownership,Psychiatry services
Apply for a Temporary Electricity Supply for Construction Sites,SOQOOC2:C56R Programme,,,,Cancel of Account Trustee and Auditing company Application,,,,,Apply for Purchasing a Special Plate Number,General Pulmonary (respiratory) Disease se...
Apply for a Temporary Occupation Permit,Building No Objection Certificate - Electricity/Water,,,,Change of project developer application,,,,,Apply for Renewing the Reservation of a Plate Number,Gynecology service
Apply for a Temporary Winter Camp Permit,Getting Water  Connections,,,,Request to complete the initial procedures data,,,,,Apply for Replacing a Lost/Damaged Plate Number,Memory Clinic Service
Apply for a Vehicle Permit to Transport General and Construction and Demolition Waste (NAFITH),Infrastructure Projects No Objection Certificate,,,,Request to Receive a Payment from the Project's Escrow Account,,,,,Apply for a Third Plate Number for Light Vehicle,Osteoporosis Service
Apply for an Advertising Content Permit,Infrastructure Projects No Objection Certificate,,,,Request to register the initial sale,,,,,Apply for Direct Purchasing of an Auction Special Plate Number,Orthopedic Clinic
Apply for an Advertising Display Permit on Lands,Track Applications for Project Owners,,,,Changing the name of a real estate project application,,,,,Apply for Transferring the Ownership of a Special Plate Number,Quit Smoking Package
Apply for an Advertising Permit on Buildings,DEWA Service Guide,,,,Project re-registration application,,,,,Apply for Transferring a Plate Number Reserved for Relatives,Health Education Services
Apply for an agricultural activity permit,MA’LEM DUBAI,,,,Apply for escrow account transfer,,,,,Apply for Participating in Open and Electronic Plate Number Auctions,Ophthalmology Services
Apply for public health pesticide efficacy test,Building No Objection Certificate - Electricity/Water,,,,Appeal case,,,,,Apply for Retrieving the Insurance Fees Deposited in an Auction,Adults Diabetes Medical Services
Apply for registration of Supplier/Importers of Certified Products,Demolishing Permits - Electricity/Water,,,,Dispute case (For amicable settlement),,,,,Enquire about Special Plate Numbers,Pediatrics Diabetes Medical Services
Apply for sand supply,Infrastructure Projects No Objection Certificate,,,,Execution case,,,,,Apply for a Commercial Licence Plate,General dental services
Apply for the Accreditation of a Pest Control Supervisor/Operator,Getting Water Connections,,,,Execution Case (Joint ownership),,,,,Apply for Renewing a Commercial Licence Plate,Oral and Maxillofacial Surgery services
Apply for the Classification of Public Health Pest Specimen,Water Network Modification,,,,Preliminary suit,,,,,Apply for Cancelling a Commercial Licence Plate,Endodontics services
Apply for the Resolution of Technical Disputes,Al Namoos -Getting electricity service,,,,Primary suit (joint property),,,,,Apply for a Licence Plate Trading Permit,Prosthodontics services
Apply to Amend Dubai Municipality Fee on Commercial and Investment Facilities,Getting Electricity Connections,,,,Grievance Case,,,,,Apply for Renewing a Licence Plate Trading Permit,Dermatology services
Apply to Amend Dubai Municipality Housing Fees,Getting Electricity Fit-Out Connections,,,,Grievance against a performance order application,,,,,Apply for Cancelling a Licence Plate Trading Permit,Transcranial Doppler for pediatric patient...
Apply to Approve Contracts with Waste Collection and Transportation Companies,Electricity Network Modification,,,,Offer and deposit application,,,,,Apply for Purchasing Bundles of Special Plate Numbers,Neuroradiology services
Apply to Approve Irrigation Systems Designs,Electricity Connection Cost Calculator,,,,Order on a petition application,,,,,Pay Fines Related to Bus Lanes,General Radiology/ Diagnostic Radiology Se...
Apply to Approve the Release of Food Import for Re-Export Consignments,Electricity Connection Cost Calculator,,,,Petition to Reconsider Case,,,,,Installing Safety Equipment for Heavy Vehicles,Interventional Radiology Services
Apply to Buy Horticulture Plants,Getting Solar Permits & Connections,,,,Performance Order Application,,,,,Apply for Reserving a Parking for Citizens Villas,Travelers clinic
Apply to Cancel a Building Permit Before Works Start,DEWA Generation Projects Document Submission,,,,Execution of dispute in merits,,,,,Apply for Reserving a Parking for a Mosque,Infectious Diseases services
Apply to Change a Consultant/Contractor after the Building Permit Issuance,Testing Services,,,,Real estate licensing application,,,,,Apply for Reserving a Parking for a Building,Family medicine Service
Apply to Connect to the Recycled Water Networks,Infrastructure Projects Services,,,,Real estate permit application,,,,,Apply for Reserving a Public Parking for a Medical Facility,Laboratory
Apply to Enrol in Pest Control Training Sessions,Solar PV Certification Training,,,,Cancellation of a real estate professional practice card application,,,,,Apply for Reserving a Public Parking for a Bank,Cord Blood Banking services
Apply to Extend the Validity of Approved Drawings,Jointer Certification for DEWA Projects,,,,Real estate professional practice card amendment application,,,,,Apply for Reserving a Public Parking for a Hotel,Nuclear Medicine and Molecular Imaging
Apply to Issue a Health Certificate to Export Consumer Products,Track Connections Estimate PaymentOpens in a new window,,,,Issuance of a real estate professional practice card application,,,,,Apply for Reserving a Public Parking for a Contracting Company,Adult Endocrinology services
Apply to Manage Government Construction Projects (Building),Connections Estimate PaymentOpens in a new window,,,,Renewing a real estate professional practice card application,,,,,Parking Permits for People of Determination and Senior Emiratis,Pediatric Endocrinology services
Apply to Pay Dubai Municipality Fee on Sales of Hotel and Entertainment Establishments,Connections Estimate HistoryOpens in a new window,,,,Real estate evaluation details certificate registration application,,,,,Apply for Seasonal Parking Permit for Public Parking,Molecular HLA Typing (Class I&II) Services
,"Estimate Payment, History and Refund (for Project Owners)",,,,Ejari Templates,,,,,Apply for a Parking Permit for an Emirati Citizen,Panel Reactive Antibodies testing Services
,Estimate Payment and History (for Friend),,,,Tenancy contract cancellation application,,,,,Apply for a Student Parking Permit,Adults Orthopedic Surgery services
,Harmonic Assessment (Hab-Reeh),,,,Request to cancel the real estate management contract,,,,,Apply for a Parking Permit for a GCC National,Pediatric orthopedic surgery services
,DRRG Solar PV Consultants &Contractors Enrollment,,,,Registration of a user in the Ejari system application,,,,,Apply for Multi- Storey Parking Permits,Neurological Surgery services
,Enrolled Solar PV Consultants & Contractors,,,,Real estate rental evaluation application,,,,,Apply for a Parking Permit Within a Residential Area,Geriatric (elderly)  Medicine service
,Solar PV Equipment Eligibility,,,,Uploading building details for leasing application,,,,,Apply for a Limited Public Parking Subscription in Dubai Silicon Oasis,General neurology services
,Shams Dubai for Consultants & Contractors,,,,Registration and renewal of lease application,,,,,Apply for Public Parking Subscription in Dubai Silicon Oasis (H),Adult Gastroenterology services
,Shams Dubai Calculator,,,,Registration and renewal of the real estate management contract application,,,,,Apply for Public Parking Subscription in Development Areas - Tecom,Reproductive Medicine and Infertility serv...
,Shams Dubai Newsletter Subscription,,,,Golden Visa application - investor,,,,,Apply to Issue a Parking Permit for the Staff of Private Educational Establishments,Family Medicine services
,Request Call BackOpens in a new window,,,,Golden Visa Application - Retiree,,,,,Apply for a Broad Public Parking Permit for a Governmental Entity,Plastic Surgery services
,Request EmailOpens in a new window,,,,Investor Residence Application (Taskeen),,,,,Apply for a Limited Public Parking Permit for a Governmental Entity,Interventional Cardiology services
,Request SMSOpens in a new window,,,,Finance lease amendment application,,,,,Apply for a Public Parking Permit for a Diplomatic Body,priodic health Check up
,Request Online MeetingOpens in a new window,,,,Gift registration application,,,,,Pay Public Parking Fines,Nutrition and Clinical Dietetics services
,DEWA Circulars & Regulations,,,,Mortgage amendment application,,,,,Pay Public Parking Fees,Complementary Medicine services
,Consultants & Contractor Law no. (6) Guide,,,,Mortgage registration application,,,,,Check the Availability of Private and Public Parking,Adult cardiology services
,DEWA Service Guide,,,,Mortgage release application,,,,,Purchase a Salik Tag,Pediatric cardiology services
,Consultants & Contractors Enrollment,,,,Mortgage transfer application,,,,,Register and Activate a Salik Tag,Medical Laboratory Services
,Consultants & Contractors ClassificationOpens in a new window,,,,Registration of a property sold by auction application,,,,,Recharge a Salik Account,Health Education service
,SOQOOR Programme,,,,Finance lease registration application,,,,,Apply for Adding a New Vehicle to Salik Account,Vascular Surgery services
,Ownek Initiative,,,,Lease To Own Registration Application,,,,,Apply for Removing a Vehicle from Salik Account,Cardio-thoracic (Heart and chest) Surgery ...
,Technical Publications & Resources,,,,Power of Attorney cancellation notarization application,,,,,Apply for Amending Salik Account Data,Podiatry Service
,Major Project Guidelines,,,,Registration of the sale of a mortgaged property (registering a property for sale) application,,,,,Apply for a Salik Monthly Account Statement,Pharmacy services
,Technical User Manuals,,,,Sale registration application,,,,,Apply for the Exemption from Salik Fees,Free Medicine Home Delivery Service DAWEE
,EHV protective regulations,,,,Finance lease release application,,,,,Pay Salik Fines,Blood Donation Services
,Forms,,,,Finance lease transfer application,,,,,Apply for Disputing Salik Violations,Audio Vestibular Medicine services
,Green Buildings,,,,Lease To Own amendment application,,,,,Apply for a Major Roads Diversion Permit,General Otolaryngology (ENT) services
,Electricity Installations Regulations,,,,Lease To Own transfer application,,,,,Apply for a Minor Roads Diversion Permit,Audiology services
,Safety and Protection Guidelines - Distribution MV Network,,,,Lease To Own release application,,,,,Apply for a Dewatering Lines Protection Permit,Pediatric Emergency Medicine services
,Track Applications for Project Owners,,,,Usufruct right amendment application,,,,,Apply for Building Construction or Demolition Permit,General emergency medicine services
,Frequently Asked Questions & Tutorial Videos,,,,Usufruct/Musataha right registration application,,,,,Apply for Footpath Modification Permit,Occupational therapy services - pediatrics
,List of Partners,,,,Usufruct right termination application,,,,,Apply for a Permit to Utilise Part of The Right-of-Way,Pediatric Rehabilitation services
,Partnerships Management,,,,Permit to sell real estate by public auction for companies application,,,,,Apply for a Permit to Provide Entrances and Exits for Construction Sites,Speech Therapy services
,Corporate Partnership Portal login,,,,Company registration application,,,,,Apply for a Road Closure Permit for a Public Event,Sports medicine services
,Register New VendorOpens in a new window,,,,Registration of real estate fund companies in the register of privileges,,,,,Apply For a Traffic Counts Permit,Orthotics
,Open Tender,,,,Grant property mortgage,,,,,Apply for Access Permit for Private Paid Parking Plots,Orthotics services
,Procurement,,,,Sale procedure (heirs),,,,,Apply for Access Design Study,Pediatric Surgery services
,RFx & AuctionOpens in a new window,,,,Company shares sale,,,,,Apply for a Permit for Right of Way Services for Public - Wedding and Condolences Tents,General physical medicine and rehabilitati...
,Purchase Order CollaborationOpens in a new window,,,,Issuing a certificate of the customer's real estate statement application  (To Whom It May Concern),,,,,Apply for an Installation Permit of a Temporary Fencing,Physiotherapy services
,Submission of Generation Projects Documents,,,,Issuing map application,,,,,Apply for a Permit for Right of Way Services for the Public - Footpath Modification and Hatching and Painting Roads,Adult general surgery services
,Suggestions & ComplaintsOpens in a new window,,,,Real Estate Evaluation Application,,,,,Apply for Gate Level Service,Dietitian Clinic
,Frequently Asked Questions & Tutorial Videos,,,,Contract cancellation application,,,,,Information about Unlocking or Releasing Impounded Vehicles,Health Tourism treatment packages services
,New Vendor Registration GuideOpens in a new window,,,,Full/partial indemnity Application,,,,,Pay Fines Related to the Right of Way,ENAYA Insurance
,Update Vendor Profile GuideOpens in a new window,,,,Two properties exchange application,,,,,Apply for a Right-of-Way Landscape Permit,Insurance Partner Relation Opinion Managem...
,Suppliers code of Conduct & Ethics,,,,Real estate survey application,,,,,Pay Fines Related to Utilizing External Lots,Submission of Medical Journals Manuscript
,RFX & Quotation Submission for Contracts SectionOpens in a new window,,,,Partners division registration application,,,,,Apply for a Permit to Utilise Pavements for Commercial Promotions,Request to enroll in clinical training
,RFX & Quotation Submission for Local Purchase SectionOpens in a new window,,,,Endowment (Waqif) Registration Application (descendants or charity),,,,,Apply for a Permit to Utilise Pavements by Restaurants and Coffee Shops,Request for Attestation of educational cer...
,RFX & Quotation Submission for Turnkey ProjectsOpens in a new window,,,,Grant Registration Application,,,,,Apply for a Special Driving Permit,Fellowship Program
,Purchase Order Review & AcknowledgmentOpens in a new window,,,,Heirs Ownership Registration Application,,,,,Apply for Renewing a Special Learning Permit,Medicine and Science Scholarship Program f...
,Online Service EntryOpens in a new window,,,,Separation or annexing a property application,,,,,Apply for Renewing a Special Driving Permit,Apply to Dental Residency Programs
,Online InvoiceOpens in a new window,,,,Requesting a technical report for the project,,,,,Apply for Amending a Safari Driving Permit,Dubai Residency Training Programs
,Shams Dubai: Suppliers & Manufacturers,,,,Title transfer application,,,,,Apply for Inspecting Driving Tests Sites for Vehicles of Special Nature,Medical Internship Program
,About VAT,,,,Amendment of details of a person / entity application,,,,,Apply for a Delivery Driver Qualification Certificate,Application to join Dental Internship Prog...
,Security E-Pass Manual,,,,Amendment of real estate details application,,,,,Apply for Booking a Driving Test,Submit Medical Complaint
,DEWA Academy,,,,Grant Completion Application,,,,,Apply for Changing a Driving Test Appointment,Issue Sick Leave Certificate
,Register for Scholarship,,,,Detailed real estate statement application,,,,,Apply for Appealing a Road Test Results,Request Good Standing Certificate
,Apply for Scholarship,,,,Ownership of granted industrial  and commercial land plots application,,,,,Apply for Changing a Light Vehicle Driving Licence from Automatic to Manual,Get Registered (New Professional License)
,,,,,Real estate evaluation details certificate registration application,,,,,Apply for a New Driving Licence,Raise License Cancelation Issues
,,,,,Buy Property,,,,,Apply for Renewing a Driving Licence,Update Professional License Card Informati...
,,,,,Registration/amendment of real estate project details application,,,,,Apply for Replacing a Lost/Damaged Driving Licence,Add/Upgrade professional registration
,,,,,,,,,,Apply for Amending a Driving Licence Data,Speech and language  Therapy clinic
,,,,,,,,,,Apply for Adding a New Category Based on Exchanging Licences,Update CPD Points
,,,,,,,,,,Apply for an International Driving Licence,Schedule Oral Assessment
,,,,,,,,,,Apply for Renewing a Learning Permit,Self assessment & Manual Review (Review El...
,,,,,,,,,,Apply for a New Driving Licence Based on Exchanging Licences,Renew Professional Registration
,,,,,,,,,,Apply for Transferring Driving Profile to or from Dubai,Payment of Fines
,,,,,,,,,,Apply for a Driver Experience Certificate,Appeal Violations for professionals
,,,,,,,,,,Apply for a New Permit to Work as a School Bus Driver,Apply for patient escort leave
,,,,,,,,,,Apply for Renewing a Permit to Work as a School Bus Driver,Issuance a medical record number (MRN)
,,,,,,,,,,Apply for Replacing a Lost/Damaged Permit to Work as a School Bus Driver,Occupational Therapy Clinic
,,,,,,,,,,Apply for a New Permit to Work as a Luxury Vehicle Driver,Request for new/duplicate Medical Report
,,,,,,,,,,Apply for Renewing a Permit to Work as a Luxury Vehicle Driver,Request to register on the volunteering pl...
,,,,,,,,,,Apply for Replacing a Lost/Damaged Permit to Work as a Luxury Vehicle Driver,Social Service - Thalassemia center
,,,,,,,,,,Apply for a Permit to Work as a Taxi Driver,Book & Manage Appointments
,,,,,,,,,,Apply for Renewing a Permit to Work as a Taxi Driver,Request for Summer Training Program
,,,,,,,,,,Apply for Replacing a Lost/Damaged Permit to Work as a Taxi Driver,"Issue a New, copy or replacement Death Cer..."
,,,,,,,,,,Apply for a Permit to Work as a Female Supervisor for School Transport,"Issue a New, copy or replacement Birth Cer..."
,,,,,,,,,,Apply for Renewing a Permit to Work as a Female Supervisor for School Transport,Request Overseas treatment
,,,,,,,,,,Apply for Replacing a Lost/Damaged Permit to Work as a Female Supervisor for School Transport,Issuing Letters to whom its concern
,,,,,,,,,,Apply to Register as a Driver Licensing Service Provider,Nursing care and treatment room
,,,,,,,,,,Apply for an NOC for a New Trade Licence,Pharmacy Service
,,,,,,,,,,Apply for an NOC to Renew a Trade Licence,Psychology Clinic
,,,,,,,,,,Apply for an NOC to Replace a Lost/Damaged Trade Licence,Physiotherapy Clinics
,,,,,,,,,,Apply for an NOC to Cancel a Trade Licence,Physical Medicine and Rehabilitation (PMR)
,,,,,,,,,,Apply for an NOC to Add or Remove a Shareholder or a Manager on a Trade licence,PCR-Covid test Service card
,,,,,,,,,,Apply for an NOC to Amend a Trade Licence Name,Covid-19 Confirmed Positive Case Managemen...
,,,,,,,,,,Apply for an NOC to Add or Remove an Activity on a Trade licence,COVID-19 Home Vaccination
,,,,,,,,,,Apply for an NOC to Suspend a Trade Licence,COVID-19 Vaccination Service
,,,,,,,,,,Apply for an NOC to Resume a Trade Licence,COVID 19 Patient Family Communication
,,,,,,,,,,Apply for an NOC to Change a Trade Licence Site,Adult Nephrology services
,,,,,,,,,,Apply for Receiving an Electronic Training System Form,Mental Health service
,,,,,,,,,,Apply for an NOC to Issue a New Trade Licence for the Activity of Transporting Passengers in Luxury Vehicles,Urology services
,,,,,,,,,,Apply for an NOC to Renew a Trade Licence for the Activity of Transporting Passengers in Luxury Vehicles,Social Services
,,,,,,,,,,Apply for an NOC to Cancel a Trade Licence for the Activity of Transporting Passengers in Luxury Vehicles,Psychology
,,,,,,,,,,Apply for an NOC to Add/Remove a Partner on a Trade Licence for the Activity of Transporting Passengers in Luxury Vehicles,Home Health Care
,,,,,,,,,,Apply for an NOC to Change the Name of a Trade Licence for the Activity of Transporting Passengers in Luxury Vehicles,Diabetes Service
,,,,,,,,,,Apply for an NOC to Issue a New Trade Licence for the Activity of Transporting Passengers in Taxis,Issuing child Health vaccination certifica...
,,,,,,,,,,Apply for an NOC to Renew a Trade Licence for the Activity of Transporting Passengers in Taxis,Duplicate vaccine Booklet child health ser...
,,,,,,,,,,Apply for an NOC to Cancel a Trade Licence for the Activity of Transporting Passengers in Taxis,Covid-19 Assessment service
,,,,,,,,,,Apply for an NOC to Add/Remove a Partner on a Trade Licence for the Activity of Transporting Passengers in Taxis,Medical Packages
,,,,,,,,,,Apply for an NOC to Change the Name of a Trade Licence for the Activity of Transporting Passengers in Taxis,Supplying blood and components to hospital...
,,,,,,,,,,Apply for an NOC to Hire a Luxury Vehicle Driver,DXH group membership and treatment package...
,,,,,,,,,,Apply For a Permit to Transport Passengers in Luxury Vehicles,Inter-Library Loan: Providing Articles to ...
,,,,,,,,,,Apply for Adopting a Vehicle Type to Operate in the Field of Transporting Passengers in Luxury Vehicles,Medical Education Announcement
,,,,,,,,,,Apply For a Permit to Transport Passengers in Taxis,Accreditation of Continuing Medical Traini...
,,,,,,,,,,Apply for Adopting a Vehicle Type to Operate in the Field of Transporting Passengers in Taxis,Request Venue Reservation and Rental
,,,,,,,,,,Apply for a Temporary Permit to Transport Passengers from Dubai to Other Emirates or the Opposite (Naqel Service),Purchase Sick Leave Certificates
,,,,,,,,,,Apply for a Permit to Register a Luxury Vehicle to a Franchise Contract to Transport Passengers in Luxury Vehicles,Payment of Fines
,,,,,,,,,,Apply for a Permit to Replace a Luxury Vehicle to Transport Passengers in Luxury Vehicles,Purchase Products (Controlled and Semi-con...
,,,,,,,,,,Apply for a Permit to Add a Luxury Vehicle to a Franchise Contract to Transport Passengers in Luxury Vehicles,Change Medical Director
,,,,,,,,,,Apply for a Permit to Register a Used Vehicle to Transport Passengers in Luxury Vehicles,Appeal violations for Healthcare facilitie...
,,,,,,,,,,Apply for a Permit to Register an Extended Vehicle to Transport Passengers in Luxury Vehicles,Request for Temporary Permit
,,,,,,,,,,Apply for a Permit to Register a Free Zone Vehicle,Add/Upgrade Professional License
,,,,,,,,,,Collect Fines Incurred by Delayed Vehicles Replacement,Temporary Facility Closure
,,,,,,,,,,Apply for an NOC for School Transport Activities,Renew Professional License
,,,,,,,,,,Apply for an NOC to Register Administrative Vehicles,Activate Professional License
,,,,,,,,,,Apply for an NOC to Register Taxi Vehicles,Cancel Professional License
,,,,,,,,,,Pay Fines Related to Illegal Transport,Add Facility to Group
,,,,,,,,,,Pay Fines Issued Against Franchise and Luxury Transport Companies,Change Facility Name
,,,,,,,,,,Pay Fines Issued Against Marine Transport Companies,Activate Facility License
,,,,,,,,,,Pay Fines Related to Bus Transport Companies,New Facility License
,,,,,,,,,,Pay Fines Related to the Violation of the Operational and Regulatory Terms of Commercial Transport,Amend Facility License
,,,,,,,,,,Apply for a Permit to Advertise on Taxi Vehicles,Change Facility Ownership
,,,,,,,,,,Apply for Leasing Commercial Spaces in Tram Stations,Cancel Facility License
,,,,,,,,,,Apply for Leasing Commercial Spaces in Metro Stations,Renew Facility License
,,,,,,,,,,Apply for a Short Term Bus Rental,Submission of Medical Journals Manuscript
,,,,,,,,,,Apply for a Permit to Operate an Abra,Request to enroll in clinical training
,,,,,,,,,,Apply for an Abra Maintenance Permit,Request for Attestation of educational cer...
,,,,,,,,,,Apply for Renting Vessel Lifts to Lift/Drop Marine Vessels,Fellowship Program
,,,,,,,,,,Apply for Renting a Dry Berth for Private Boats,Medicine and Science Scholarship Program f...
,,,,,,,,,,Marine Jetty Short Rental,Apply to Dental Residency Programs
,,,,,,,,,,Apply for a Permit to Advertise on Vehicles,Dubai Residency Training Programs
,,,,,,,,,,Apply for Renewing the Permit to Advertise on Vehicles,Medical Internship Program
,,,,,,,,,,Apply for Cancelling the Permit to Advertise on Vehicles,Application to join Dental Internship Prog...
,,,,,,,,,,Apply for Temporary Outdoor Advertising Permits,Issue Sick Leave Certificate
,,,,,,,,,,Apply for Renewing Temporary Outdoor Advertising Permits,Request Good Standing Certificate
,,,,,,,,,,Apply for Cancelling Temporary Outdoor Advertising Permits,Get Registered (New Professional License)
,,,,,,,,,,Pay Fines Related to Advertising Billboards,Raise License Cancelation Issues
,,,,,,,,,,Apply for an Investment Opportunity with RTA,Update Professional License Card Informati...
,,,,,,,,,,Dubai Bus on Demand,Add/Upgrade professional registration
,,,,,,,,,,Apply for an Electrical Scooter Driving Permit,Update CPD Points
,,,,,,,,,,Hourly Vehicle Rental,Schedule Oral Assessment
,,,,,,,,,,Apply for an information NOC related to Utilities and Facilities within the Right of Way,Self assessment & Manual Review (Review El...
,,,,,,,,,,Apply for a Construction NOC for Infrastructure Work,Renew Professional Registration
,,,,,,,,,,Apply for an NOC for Trial Trenches,Payment of Fines
,,,,,,,,,,Apply for an NOC for other Infrastructure Works of Special Nature,Appeal Violations for professionals
,,,,,,,,,,Apply for an NOC for the Design of Infrastructure Works,Request to register on the volunteering pl...
,,,,,,,,,,Apply for an NOC for works within the Rail Right-of-Way,DXH group membership and treatment package...
,,,,,,,,,,Apply for Renewing an NOC for works within the Rail Right-of-Way,Medical Education Announcement
,,,,,,,,,,Apply for a Supplementary Signs Installation Permit,Organising and Managing Medical Training P...
,,,,,,,,,,Apply for Numbering Houses and Buildings,Accreditation of Continuing Medical Traini...
,,,,,,,,,,Apply for Studying Traffic Calming Measures,Bidding Services (Smart Mazad)
,,,,,,,,,,Apply for a Mobility Permit for Over-Weight and Over-Dimension Vehicles,Insurance System for Advancing Healthcare ...
,,,,,,,,,,Apply for Mobility Permit for Heavy Construction Vehicles,Organising and Managing Medical Training P...
,,,,,,,,,,Apply for a Mobility Permit for Heavy Vehicles in Banned Times and Roads,Medically Auditing applications of car win...
,,,,,,,,,,Apply for Providing a Temporary Road,Medically Auditing the request from HR Dep...
,,,,,,,,,,,Medically Auditing applications to “SANAD”...
,,,,,,,,,,,Medically Auditing special parking permit
